0,0.519704819,0.779572606,0.602783322,0.55074048,0.647331834,0.243970394,0.553175092,0.168046564,0.507573485,0.588680148,0.479240179,0.682873547
0,0.504882753,0.745945573,0.546240151,0.556489646,0.585239947,0.319820464,0.504343987,0.279622674,0.48092398,0.581191421,0.463320792,0.657395244
0,0.464202911,0.761574686,0.516943872,0.542658567,0.505943358,0.294169545,0.430219799,0.278638244,0.457377166,0.614012897,0.445540249,0.697569489
0,0.458747566,0.724092841,0.465015411,0.537636757,0.531716466,0.291738153,0.44920212,0.24692446,0.406842619,0.574367106,0.390034348,0.646557212
0,0.472974032,0.739963055,0.532035172,0.5307886,0.550838649,0.285218,0.477799982,0.246807724,0.463902533,0.565131545,0.447656393,0.650399864
0,0.375828445,0.747010767,0.390915155,0.550532639,0.420182735,0.313484937,0.323250145,0.281441808,0.326388776,0.606371522,0.314324319,0.692791641
0,0.55793041,0.761665821,0.638238668,0.582007289,0.663429618,0.316732943,0.590623975,0.272206783,0.567584336,0.604801238,0.547876418,0.678721309
0,0.44970721,0.82908988,0.491641223,0.613895655,0.527496874,0.268480301,0.403642893,0.324394941,0.350355148,0.524496377,0.364712089,0.64278841
0,0.515318751,0.742265582,0.553646684,0.502288103,0.548088014,0.464201868,0.537668467,0.483102441,0.513443351,0.522520423,0.501305819,0.590312183
0,0.510141432,0.766870618,0.518015504,0.552130103,0.511542976,0.507964492,0.503127396,0.475354284,0.463813901,0.472266138,0.440894485,0.535179317
0,0.485875726,0.70971328,0.479634017,0.525087237,0.499578416,0.403673828,0.46966511,0.402896434,0.440440685,0.529660344,0.424934655,0.584348798
0,0.451420635,0.651572824,0.436528385,0.507180154,0.465885758,0.348056734,0.415891558,0.314866483,0.399157196,0.536581039,0.387663811,0.59091413
0,0.517832518,0.807136178,0.500881851,0.542623281,0.535295188,0.489336103,0.52300781,0.464028597,0.474469483,0.457449198,0.456627697,0.528640687
0,0.603860438,0.829674959,0.772689462,0.643548965,0.776972234,0.294296503,0.687220097,0.225941837,0.660549879,0.713606596,0.631100357,0.842787743
0,0.569129646,0.880134284,0.695060909,0.659673154,0.716913342,0.426438123,0.628211141,0.375842661,0.582640409,0.639388323,0.546982229,0.762283146
0,0.459207982,0.854787827,0.497098893,0.628303766,0.523685217,0.293014616,0.402854413,0.258372694,0.398205489,0.68882978,0.373039544,0.79114002
0,0.377637327,0.860903144,0.380919456,0.585718811,0.35826242,0.315538079,0.272907436,0.352488428,0.252469569,0.551725149,0.225214586,0.66229105
0,0.426295429,0.655058146,0.470340252,0.447045684,0.505500078,0.209088668,0.425359875,0.161800086,0.401805878,0.472054183,0.378705263,0.544869423
0,0.193742499,0.601158798,0.252632767,0.586243212,0.189426631,0.603853822,0.160057321,0.672382295,0.148462296,0.716232896,0.141634017,0.722815752
0,0.531561673,0.779057205,0.569972336,0.618866026,0.577011347,0.415367305,0.513335168,0.396660179,0.517674387,0.649908543,0.502208412,0.705215812
0,0.488578469,0.584850907,0.527613759,0.397763491,0.553265691,0.213346452,0.496647388,0.183544785,0.476343989,0.422161788,0.456705749,0.467691243
0,0.51701194,0.928780079,0.509759367,0.736751676,0.5145365,0.551977158,0.45984447,0.561929047,0.463224351,0.736592293,0.446193635,0.782752335
0,0.5711357,0.707513034,0.642687976,0.563016295,0.654563487,0.354004085,0.59671402,0.319172531,0.582102418,0.57679683,0.565808952,0.638086259
0,0.596107781,0.909303069,0.634724319,0.769071281,0.617648065,0.556249976,0.567650616,0.575509787,0.591826499,0.824425817,0.584897578,0.886950076
0,0.304139376,0.618119836,0.251534671,0.46207267,0.269905865,0.265718132,0.217574075,0.297508448,0.226963401,0.484971851,0.217615008,0.56866467
0,0.487699628,0.660794139,0.55296278,0.478854001,0.537593246,0.268033564,0.484912962,0.246899799,0.497720271,0.516837358,0.48790139,0.581964493
0,0.43413499,0.664696097,0.369003564,0.51390636,0.408149064,0.30144462,0.352906048,0.29347679,0.344780773,0.551163495,0.334238142,0.591513753
0,0.41814363,0.56736958,0.419695705,0.360219002,0.446482211,0.171007127,0.376655787,0.152633846,0.372551352,0.40244174,0.35742414,0.46732527
0,0.499632299,0.703711867,0.540924072,0.534080446,0.544498682,0.315168381,0.479009956,0.292626083,0.485770941,0.563996792,0.469703048,0.619668663
0,0.58175683,0.727745175,0.51124692,0.587459147,0.580469847,0.282967001,0.582918406,0.641769648,0.596979141,0.729501188,0.61086905,0.755484343
0,0.54392463,0.819258571,0.52688086,0.623102367,0.53044039,0.432705253,0.581969798,0.410877794,0.58676362,0.676737309,0.598176956,0.751324236
0,0.512830973,0.806640267,0.49956879,0.630512595,0.54447484,0.516030312,0.560329199,0.600351691,0.551305592,0.715426266,0.560906649,0.729964733
0,0.483783275,0.772036433,0.455611795,0.592359304,0.507283151,0.449306309,0.550474942,0.47390008,0.510489821,0.635261059,0.509938002,0.714718163
0,0.524366558,0.793842435,0.515480578,0.636001706,0.524253249,0.442026377,0.555936933,0.566266537,0.571867824,0.695604324,0.576312363,0.710413754
0,0.575655341,0.815076351,0.54986465,0.573227108,0.614498615,0.389347345,0.676851034,0.410930783,0.625696003,0.654511333,0.623695552,0.733942986
0,0.65570581,0.868785739,0.602131724,0.601879656,0.669804394,0.319141865,0.768042088,0.335699439,0.731655598,0.6781106,0.743858278,0.794464529
0,0.351474345,0.849078238,0.175778136,0.681672752,0.201085061,0.397402316,0.26922226,0.371240497,0.310343683,0.678401232,0.343090445,0.755829275
0,0.503985405,0.92054975,0.436728179,0.701459289,0.490775615,0.510637283,0.55974412,0.581981421,0.56671834,0.747226059,0.570105314,0.836113751
0,0.406599313,0.655217409,0.264683366,0.470747441,0.283913851,0.249670416,0.343701899,0.205766618,0.39124006,0.47004208,0.413954675,0.534350932
0,0.423701316,0.905111372,0.307803929,0.684345067,0.341390669,0.460928649,0.412948549,0.452630728,0.434808105,0.69960016,0.450637907,0.774136841
0,0.550698161,0.718201637,0.426106989,0.564636886,0.462156326,0.35849297,0.511531472,0.319909573,0.554983556,0.556968629,0.576017261,0.614078999
0,0.550483286,0.827032566,0.35888654,0.568058193,0.417531371,0.239173949,0.491761804,0.179308474,0.562934756,0.559393048,0.600127876,0.675076008
0,0.489651352,0.787204564,0.364204168,0.57209301,0.414659947,0.353747249,0.457915872,0.330683261,0.481303006,0.619649649,0.50063628,0.693923831
0,0.539417505,0.775203407,0.40390712,0.607777059,0.457247257,0.36614114,0.532527208,0.339076281,0.58077848,0.609216571,0.591210246,0.670467079
0,0.550425172,0.758774996,0.447491854,0.593008995,0.511159062,0.366588116,0.578352928,0.345698684,0.607982457,0.60898304,0.60644418,0.676968694
0,0.490303338,0.820910692,0.368488401,0.577723026,0.431012332,0.42193985,0.479151338,0.415781617,0.519795477,0.576297104,0.526075184,0.676819146
0,0.255803704,0.879534245,0.18116717,0.669834018,0.146150559,0.487164795,0.153642207,0.538666248,0.174348459,0.539114296,0.190146387,0.560053289
0,0.325336784,0.535841227,0.213202074,0.511665881,0.224511683,0.251624614,0.284715831,0.19952707,0.338298053,0.441780418,0.343043476,0.456584454
0,0.667777956,0.76423949,0.542987883,0.56191045,0.608547628,0.34914875,0.68096602,0.344783455,0.719302893,0.584259391,0.7300511,0.662992716
0,0.676455438,0.606584668,0.53777808,0.409109652,0.590790391,0.165556371,0.664011121,0.135993257,0.721031904,0.378835201,0.732522905,0.476889163
1,0.454016626,0.771986544,0.52675736,0.535729527,0.550580025,0.375427485,0.487043232,0.597620964,0.467493057,0.591846168,0.436367512,0.394525379
1,0.429748178,0.549770594,0.486956626,0.365826696,0.5133093,0.23186785,0.448969871,0.437996298,0.435682088,0.439691424,0.405902684,0.271405458
1,0.472601712,0.789703786,0.513223946,0.567225993,0.520534217,0.449515343,0.489188582,0.625077128,0.473053217,0.631483257,0.431058288,0.498976946
1,0.365871578,0.71159178,0.379702538,0.550155461,0.396190196,0.467035234,0.361664474,0.613618255,0.345201582,0.6130777,0.311277539,0.488953531
1,0.523197293,0.764019966,0.610439122,0.586112976,0.609337449,0.534612954,0.579279006,0.62261039,0.561200738,0.629281998,0.522925258,0.481111288
1,0.421470672,0.716271937,0.467385739,0.465326726,0.444245636,0.365362197,0.440247953,0.540899038,0.424525261,0.551282227,0.358166099,0.413099438
1,0.415193707,0.697478414,0.44758898,0.493386269,0.451005518,0.475903213,0.425165594,0.567209125,0.405499071,0.565882266,0.344424218,0.409827888
1,0.405757666,0.74659574,0.406584412,0.486574709,0.437180638,0.388840109,0.394680858,0.543406546,0.3832829,0.554475665,0.363365769,0.433502227
1,0.398404211,0.783429563,0.470885873,0.521023035,0.474446654,0.299024612,0.423158705,0.623250246,0.398982584,0.622669935,0.313948214,0.379002452
1,0.43775177,0.771572888,0.531111777,0.47084412,0.483176023,0.264207721,0.489116132,0.603559554,0.469107747,0.609719634,0.343855411,0.382676065
1,0.417078942,0.801529109,0.511306465,0.54447335,0.510543823,0.315085262,0.459328324,0.650172532,0.434268922,0.645369053,0.341235787,0.37401399
1,0.454607993,0.760362029,0.553383172,0.473225892,0.509384394,0.272179782,0.507107794,0.598608911,0.488686234,0.605792761,0.382737517,0.371114731
1,0.439392328,0.782358468,0.547612667,0.512187183,0.526688695,0.299297512,0.493204594,0.627273202,0.468232691,0.622650266,0.370986074,0.366546363
1,0.401675552,0.745332837,0.472122401,0.51549089,0.48038584,0.293493152,0.426738292,0.617193103,0.404218197,0.618910372,0.32124716,0.373564363
1,0.435828209,0.781023979,0.519818425,0.513165593,0.512110949,0.29945296,0.474187553,0.625108719,0.448026359,0.626040757,0.351086199,0.372862518
1,0.384251952,0.753233433,0.456233144,0.510347724,0.457657605,0.290134728,0.415020555,0.611343682,0.38784644,0.610806942,0.296208084,0.357315838
1,0.399427772,0.727056861,0.40965271,0.496560931,0.417518884,0.461206853,0.375579149,0.461725384,0.355827004,0.497196645,0.354905933,0.540604293
1,0.205627948,0.652262032,0.225331455,0.426932931,0.230905429,0.285157055,0.194408327,0.501682281,0.172890007,0.51707685,0.132158071,0.481629759
1,0.307755172,0.977355421,0.290810764,0.770480931,0.295469344,0.724101901,0.272208691,0.813274682,0.255158395,0.83151412,0.217029437,0.74959743
1,0.280233085,0.875303924,0.302166462,0.606414258,0.2933065,0.468037456,0.277957827,0.670864463,0.253978789,0.696976542,0.181949466,0.56817621
1,0.289607674,0.412095338,0.334990263,0.175151467,0.331092119,0.201388672,0.303697437,0.271517843,0.284000993,0.265157193,0.213793844,0.097946867
1,0.444689453,0.690174162,0.52986306,0.435824335,0.527512789,0.28075698,0.485749602,0.516388118,0.464422047,0.520851374,0.406234145,0.319928378
1,0.451819897,0.497235656,0.540767133,0.253953159,0.546228588,0.104468033,0.495856345,0.338985384,0.475327313,0.336788833,0.420740396,0.124413669
1,0.438845307,0.941027403,0.464351773,0.720208406,0.454831481,0.593763947,0.440891385,0.783605754,0.42063278,0.790942311,0.353746206,0.658800602
1,0.595503211,0.779389977,0.695652664,0.589534998,0.694163918,0.430264831,0.646214306,0.658854008,0.62522018,0.663746357,0.567101955,0.439641297
1,0.596219182,0.906083703,0.705774724,0.773001671,0.694856465,0.590568423,0.660193026,0.852372169,0.640711248,0.846746504,0.564336419,0.618496597
1,0.584518015,0.618935049,0.693159521,0.422856897,0.697671175,0.283207178,0.64032644,0.486711502,0.615405023,0.49005875,0.570705771,0.275874883
1,0.607982695,0.520969748,0.732088625,0.307336926,0.732753396,0.178407535,0.671437144,0.374159455,0.647408783,0.373273879,0.601711392,0.160131648
1,0.609979391,0.501329064,0.67488426,0.346504152,0.702295184,0.193307057,0.626258552,0.418427467,0.603990555,0.416582257,0.583551347,0.401556611
1,0.421544015,0.81793499,0.454844654,0.6115852,0.482227981,0.50351274,0.426162481,0.696086645,0.408863872,0.691808522,0.379281908,0.508822203
1,0.615485072,0.809591174,0.707087338,0.620444357,0.728239834,0.471709907,0.660991132,0.674486697,0.634173632,0.679487109,0.600308776,0.496425569
1,0.429641038,0.687401116,0.482661963,0.450072736,0.488578022,0.312081248,0.44420436,0.515692472,0.424815774,0.518294096,0.376049668,0.361215889
1,0.364372283,0.939666033,0.363154501,0.765939057,0.377831697,0.598878622,0.355505645,0.857003093,0.331173897,0.852046311,0.280310184,0.680731118
1,0.414751381,0.594187856,0.48790127,0.316509128,0.493383139,0.139140397,0.436854392,0.416166961,0.413253963,0.405861259,0.349363089,0.205181733
1,0.460814238,0.873039246,0.532112598,0.644251764,0.532688141,0.453317821,0.49127391,0.727024674,0.471206307,0.726685166,0.396371037,0.510074377
1,0.711820781,0.914203644,0.644399047,0.649306536,0.629660606,0.486281812,0.685156882,0.728901684,0.724588811,0.681814313,0.760298908,0.554037452
1,0.727552414,0.968378425,0.623372495,0.657068193,0.609385133,0.458219826,0.683126032,0.755491555,0.728930175,0.727838695,0.772346139,0.51248765
1,0.632687926,0.708608389,0.515551746,0.383963317,0.493594944,0.197040081,0.554591,0.449781477,0.605001867,0.416205615,0.6663481,0.225828931
1,0.564684033,0.924461126,0.467733234,0.645431042,0.460243344,0.469795614,0.489876539,0.719933987,0.533971012,0.702944577,0.610544324,0.513261557
1,0.604997993,0.866829515,0.501706362,0.590499938,0.52196455,0.413668692,0.529862463,0.623085439,0.580892324,0.60924989,0.616666913,0.458469748
1,0.580999494,0.850408435,0.575033963,0.757155478,0.511544526,0.699025393,0.548303485,0.820884228,0.563653946,0.81916821,0.600895286,0.624017775
1,0.611473203,0.925082922,0.613329351,0.808763027,0.619829357,0.680257976,0.591330588,0.836210728,0.575721323,0.847413599,0.560794473,0.837632418
1,0.623538315,0.715200543,0.509381056,0.483412951,0.528189003,0.300128698,0.569485188,0.546832442,0.596603513,0.50817889,0.630756915,0.331848383
1,0.47002691,0.867094874,0.35981968,0.647663951,0.368435115,0.478396356,0.392101556,0.714925826,0.413146794,0.682482958,0.456572175,0.495309234
1,0.782686949,0.695932508,0.681011736,0.437033951,0.703614593,0.263206422,0.746587992,0.502707064,0.779087782,0.452851504,0.802363336,0.301791281
1,0.775623083,0.868240774,0.692738354,0.614597201,0.722759604,0.439449668,0.75573504,0.69961971,0.793071151,0.660681546,0.822202623,0.498955905
1,0.669605732,0.689125776,0.564395249,0.574041605,0.587601364,0.383676469,0.631394684,0.651922703,0.659532487,0.606594443,0.6991449,0.417176485
1,0.749341667,0.57794106,0.630472243,0.333150774,0.64518553,0.153022304,0.693389773,0.378461093,0.726391494,0.322836578,0.746907949,0.176750049
1,0.398084104,0.880687118,0.276856601,0.658671319,0.292907536,0.483832687,0.306113243,0.707492709,0.334038675,0.679133236,0.385948002,0.489850819
1,0.471374482,0.821472943,0.339302659,0.622673988,0.340839922,0.436102897,0.393757194,0.66526407,0.42228964,0.599732578,0.448181272,0.440269053
2,0.455697507,0.346829057,0.458791524,0.694975138,0.458928317,0.527329445,0.466036975,0.460323185,0.469190419,0.40136224,0.461445391,0.357882112
2,0.323734075,0.370959491,0.431051672,0.757009208,0.373737484,0.492272407,0.334455639,0.423351109,0.340501845,0.343384445,0.382886976,0.280710399
2,0.575305521,0.484579235,0.800659299,0.565677047,0.812617481,0.42806673,0.77831918,0.472153425,0.737838805,0.516504407,0.747552097,0.638158739
2,0.66946131,0.419564426,0.362375557,0.329282254,0.294406444,0.303995132,0.272467613,0.38034296,0.294273287,0.413887203,0.356219679,0.427971065
2,0.351289362,0.357172608,0.468526781,0.718267918,0.380827278,0.502169609,0.386035293,0.428273201,0.383189678,0.355068386,0.378245741,0.296335071
2,0.384188712,0.430884182,0.6549986,0.766742945,0.564757943,0.519242346,0.558401227,0.468773097,0.544754028,0.406842828,0.541531086,0.331592441
2,0.604298413,0.511938095,0.444979846,0.337683856,0.416695237,0.345865786,0.420846224,0.427351236,0.456665903,0.47709012,0.479718715,0.512535512
2,0.606890261,0.431209236,0.519342661,0.64030087,0.494706959,0.493838251,0.482229769,0.440125495,0.46955502,0.399353266,0.469304681,0.345656395
2,0.481748402,0.416851312,0.345857412,0.652869225,0.335616559,0.417350948,0.340973198,0.354561836,0.363204032,0.287955165,0.39557302,0.245124638
2,0.505903661,0.416685939,0.42182821,0.731028318,0.414019257,0.531194627,0.399451256,0.466495216,0.388007134,0.397467792,0.388325304,0.337962806
2,0.624893606,0.427773893,0.47758472,0.718435943,0.536119044,0.51870513,0.529139042,0.451448441,0.52333343,0.388120413,0.531365275,0.331775665
2,0.344966799,0.380906999,0.339982867,0.59531039,0.494161367,0.633472264,0.519646227,0.565279067,0.531973541,0.508169293,0.508305728,0.479514927
2,0.270351231,0.523807645,0.294683516,0.382798076,0.342086792,0.384790063,0.330322593,0.433464289,0.337852865,0.492189229,0.346443474,0.535210311
2,0.371705443,0.456744224,0.474871278,0.472147286,0.514991403,0.414182514,0.524318337,0.442599952,0.506610274,0.454866767,0.514117122,0.468610227
2,0.594829202,0.504538238,0.675643265,0.658535779,0.622259259,0.595328808,0.628362536,0.554226279,0.623373091,0.522073805,0.632293403,0.497119784
2,0.582012355,0.337350428,0.588842034,0.702290654,0.594243824,0.453372359,0.55597192,0.368495703,0.553533196,0.308761537,0.568743885,0.226844862
2,0.653295755,0.375809252,0.568891823,0.73370862,0.542074859,0.55076015,0.552597344,0.498328447,0.579501987,0.449471474,0.604108095,0.409914613
2,0.480110943,0.347457975,0.476549834,0.439713538,0.498449504,0.417890549,0.482401431,0.365814865,0.49781388,0.322208524,0.510733902,0.267573833
2,0.508999944,0.692969143,0.521377802,0.760722578,0.536411464,0.794551909,0.544740677,0.790659845,0.535837054,0.789151847,0.53181988,0.781131148
2,0.41030556,0.502273142,0.281439453,0.313285947,0.349080414,0.340713859,0.368967712,0.418732464,0.369595647,0.511864543,0.41843164,0.613480866
2,0.477096379,0.440463454,0.658233404,0.707690835,0.724577546,0.538237453,0.68333602,0.469248772,0.662647903,0.420774132,0.640542567,0.347982943
2,0.468831122,0.437437922,0.660861671,0.708601952,0.645209312,0.533551395,0.634084284,0.473310649,0.624397337,0.428668231,0.612106264,0.357694328
2,0.472982705,0.442817301,0.649475515,0.717136264,0.571074724,0.514663339,0.570731163,0.466317594,0.563529849,0.426076561,0.551753044,0.390216738
2,0.608044505,0.32698682,0.30983147,0.619563699,0.345504373,0.426338106,0.338438809,0.383041233,0.356206328,0.325087249,0.365564615,0.284688294
2,0.480227113,0.462352574,0.444547176,0.275456101,0.503260434,0.292130619,0.508959293,0.346141309,0.492684066,0.387280166,0.469569713,0.425736189
2,0.428208619,0.344412476,0.610245287,0.355983257,0.615579188,0.354358554,0.575585127,0.341000497,0.535206318,0.328349322,0.531429052,0.303767413
2,0.446523398,0.381260097,0.383602649,0.461950183,0.37612316,0.425041616,0.385861665,0.390525609,0.384647012,0.354223549,0.381322831,0.322092891
2,0.390414357,0.374301016,0.484963685,0.419514,0.439877301,0.489259422,0.490861714,0.376033485,0.463457257,0.336888373,0.437213987,0.305950463
2,0.573157072,0.536247849,0.598086536,0.536844432,0.600100219,0.549395919,0.608900607,0.561353028,0.629062772,0.588550448,0.648054361,0.604444444
2,0.471854508,0.635917723,0.418316633,0.704865932,0.43949312,0.68990773,0.437439471,0.631308794,0.431362391,0.596349716,0.415874004,0.547125161
2,0.495862752,0.62951827,0.530311167,0.42358318,0.546803236,0.425672591,0.581939876,0.463720709,0.590445101,0.50890106,0.584360063,0.563196063
2,0.539038002,0.566557169,0.46896407,0.876934588,0.454404145,0.662632823,0.445664763,0.633159995,0.436877102,0.595598817,0.390473753,0.556270063
2,0.617401421,0.699307621,0.502620816,0.480802357,0.484998345,0.48478651,0.485777557,0.546207547,0.486670554,0.594686866,0.480282366,0.66323638
2,0.478270411,0.519307196,0.420517266,0.442368209,0.479815364,0.334581167,0.502297521,0.394531786,0.494489133,0.476320237,0.501283467,0.542617321
2,0.572325826,0.352426767,0.587371826,0.752266645,0.575316072,0.467331588,0.584149599,0.393409282,0.584534645,0.336722374,0.59893769,0.26460585
2,0.496084929,0.463421643,0.428251356,0.683009386,0.410965443,0.485696167,0.419453591,0.432028323,0.429190904,0.379277438,0.437148035,0.331942469
2,0.451450676,0.553739369,0.358353615,0.369138122,0.353305101,0.439000368,0.35957256,0.480622888,0.361948848,0.521801472,0.354931474,0.546379387
2,0.406496584,0.446087182,0.296584338,0.807803869,0.293253779,0.557602584,0.297517449,0.484875888,0.300077438,0.408728838,0.304282576,0.338258713
2,0.56343925,0.36349088,0.520988584,0.756027639,0.474268317,0.498063982,0.475173026,0.431775689,0.476894855,0.352621496,0.486965448,0.28266871
2,0.462482035,0.400049269,0.474083155,0.76093924,0.452068895,0.527279854,0.443050742,0.4577021,0.436355889,0.378665835,0.442472249,0.303108215
2,0.585404336,0.35581401,0.574331105,0.683175206,0.542310357,0.470339715,0.544121504,0.418806791,0.553344488,0.356091887,0.551060796,0.285051942
2,0.525359452,0.547036529,0.534371972,0.309689134,0.532630622,0.328080535,0.534623802,0.384820759,0.537619948,0.447110683,0.555760205,0.5129776
2,0.482800245,0.424453855,0.540549874,0.708735466,0.52636677,0.523686409,0.541738808,0.468069047,0.549909949,0.405501932,0.556314468,0.351778269
2,0.462694973,0.476084173,0.471901864,0.72887516,0.435684204,0.554837465,0.438461423,0.527422011,0.435279876,0.497659445,0.429390997,0.46246326
2,0.434470028,0.457834154,0.503278792,0.719231129,0.473997414,0.5118379,0.466812611,0.451160759,0.466682047,0.40587163,0.451930374,0.353673607
2,0.469766229,0.321952909,0.444730878,0.469002813,0.438552529,0.432714283,0.425743937,0.374292254,0.423466265,0.305151254,0.394137084,0.213459656
2,0.502883613,0.355034292,0.459144354,0.397320747,0.469309598,0.349356979,0.464163333,0.373480648,0.455603153,0.396273255,0.445430547,0.405326605
2,0.460606962,0.36160779,0.501501501,0.365856528,0.516404152,0.406464696,0.516016901,0.344819903,0.504148424,0.290191591,0.498536527,0.254759759
2,0.527763665,0.478065819,0.418388933,0.483262897,0.407518804,0.501780093,0.417524368,0.541401565,0.43183139,0.567784011,0.444021463,0.5947451
2,0.502778888,0.38637355,0.620486915,0.50384742,0.614398658,0.443240315,0.589174926,0.413810074,0.585565686,0.372764707,0.574478328,0.311137378
3,0.495295376,0.749364555,0.694090128,0.521852493,0.483657211,0.535101414,0.435223162,0.552996099,0.38623336,0.581431568,0.348216206,0.610291898
3,0.566032708,0.700884581,0.712441802,0.528232038,0.572139144,0.494979978,0.518753111,0.529352069,0.480504334,0.57529676,0.462760329,0.620459437
3,0.477639556,0.58952117,0.763259411,0.589448154,0.627988458,0.613159537,0.569675148,0.615831137,0.513695061,0.621923864,0.475759149,0.615520179
3,0.414189339,0.570760667,0.284992665,0.644987583,0.234686106,0.665403843,0.217566177,0.665519178,0.207969606,0.646116734,0.202045947,0.634207726
3,0.345672131,0.590932727,0.625968754,0.612975001,0.444393843,0.651687086,0.401993901,0.638062,0.362954795,0.637560725,0.326608062,0.635126293
3,0.392974794,0.564849734,0.524994612,0.589361787,0.454979241,0.589165688,0.401711702,0.598348141,0.356397212,0.591181457,0.313527972,0.595167577
3,0.390537649,0.345313072,0.379214048,0.326005399,0.392604291,0.31700784,0.365709931,0.356530458,0.349704206,0.371841908,0.332508445,0.375455499
3,0.48779884,0.553094506,0.651104152,0.545813084,0.659186959,0.543929875,0.628999591,0.540023267,0.621410072,0.541801333,0.608416021,0.54529345
3,0.474865168,0.779134393,0.758567035,0.572067738,0.582029819,0.552229166,0.52736485,0.587979317,0.469855636,0.608963668,0.423559546,0.620142221
3,0.438762695,0.62099278,0.561976016,0.498326659,0.507346749,0.509685934,0.453422397,0.51971364,0.404498249,0.538651049,0.357360154,0.5605492
3,0.41084373,0.839987516,0.733701229,0.570599556,0.455194741,0.556827307,0.380261838,0.56985122,0.310316712,0.595416546,0.258085459,0.625276804
3,0.440018475,0.797272563,0.736983538,0.552812457,0.524694204,0.563706875,0.455848277,0.583035886,0.393531442,0.612059832,0.335733593,0.639461696
3,0.290311635,0.830370367,0.661600947,0.623228431,0.387688249,0.596749067,0.310228527,0.601987422,0.240045741,0.623064756,0.183800817,0.646264195
3,0.252898514,0.766454279,0.677546799,0.596245825,0.383179486,0.550416589,0.313766003,0.568075418,0.244239107,0.585296035,0.179611549,0.617752433
3,0.445807397,0.753084123,0.767940938,0.529510498,0.535939395,0.547700346,0.462268889,0.571963429,0.39437151,0.594781876,0.330483258,0.615227878
3,0.478911877,0.711630344,0.374308467,0.529552817,0.326478332,0.485033154,0.365567684,0.483301103,0.392634392,0.496715307,0.408786476,0.501735091
3,0.622990847,0.67197907,0.421157092,0.725378931,0.403741062,0.76276511,0.482397258,0.812216759,0.524191439,0.832214117,0.566043496,0.828430176
3,0.434299976,0.597022533,0.767646492,0.443238199,0.592040896,0.46277225,0.539193094,0.45683074,0.491818488,0.459029496,0.443196684,0.455726802
3,0.504392922,0.545025229,0.56795156,0.407515913,0.580634832,0.457301527,0.540896893,0.472598702,0.52065146,0.499098122,0.526983023,0.514090657
3,0.454051375,0.56243968,0.779002309,0.607343316,0.573261976,0.644686222,0.510567844,0.63375783,0.445295751,0.623694003,0.394363463,0.606507063
3,0.342450172,0.395050287,0.301359862,0.371637255,0.333092332,0.388879001,0.341849744,0.398382455,0.342815876,0.401912928,0.347776413,0.399023235
3,0.412150353,0.507531524,0.430522799,0.354451209,0.495323747,0.337305129,0.361379206,0.370066285,0.291889548,0.405117631,0.257829487,0.415024936
3,0.357759714,0.620708942,0.722657204,0.327387512,0.405643255,0.368409395,0.326894134,0.398448825,0.260019511,0.423732758,0.19729808,0.447407782
3,0.30427596,0.54189074,0.550585985,0.298626363,0.319398046,0.378614128,0.267106742,0.392455101,0.219367564,0.406338066,0.171083659,0.416082233
3,0.31155321,0.54715544,0.205413759,0.506284595,0.211821675,0.532411635,0.268190295,0.523884296,0.295742542,0.513301253,0.336704195,0.500667691
3,0.521430373,0.562862933,0.702984214,0.586535871,0.553481698,0.756432295,0.543577135,0.730571151,0.507329404,0.668625832,0.476617545,0.642319202
3,0.480741531,0.633144677,0.645283103,0.601017535,0.506301641,0.654522717,0.47737956,0.631916046,0.447488993,0.630460143,0.412477076,0.633800864
3,0.525977015,0.653373241,0.720864058,0.573623896,0.62979573,0.62364763,0.600485623,0.626639962,0.569139421,0.643161595,0.552820325,0.653046131
3,0.515943646,0.678662777,0.670289576,0.497111499,0.561225414,0.548235953,0.52685827,0.566239178,0.49586764,0.58192265,0.465018004,0.598575592
3,0.441642582,0.528176308,0.616811454,0.525329053,0.506646633,0.53466779,0.469180793,0.510572135,0.430287033,0.490737736,0.391224295,0.488613486
3,0.438912988,0.516303897,0.548929632,0.54310149,0.495589793,0.547792852,0.45547837,0.53055501,0.417032599,0.516486168,0.381296873,0.506434321
3,0.282026023,0.355944932,0.447534293,0.313348562,0.321414679,0.332200795,0.284431338,0.316459894,0.248172954,0.304265857,0.218806267,0.290384114
3,0.28103888,0.495776862,0.396893442,0.567726851,0.328092813,0.535845816,0.280945003,0.498146355,0.243826494,0.47704199,0.21157749,0.471360147
3,0.387661815,0.607428312,0.442086756,0.586177945,0.450671971,0.580678582,0.407771915,0.572766125,0.369034976,0.574609041,0.336108774,0.571892381
3,0.344944775,0.37770614,0.37671417,0.390441358,0.383757144,0.379759192,0.35323143,0.38680765,0.329669297,0.367027223,0.311014652,0.373551846
3,0.503825903,0.649533451,0.705115199,0.659092069,0.594084024,0.647883713,0.555822134,0.619520485,0.516691566,0.614073336,0.483232766,0.597876906
3,0.37033385,0.629181325,0.471757829,0.765035629,0.411456227,0.767621636,0.385897696,0.738750398,0.353836298,0.714267492,0.322122067,0.699791849
3,0.533744574,0.299377561,0.755365431,0.235959157,0.633924127,0.230895087,0.593863606,0.213973224,0.557668626,0.196840093,0.524840295,0.186984196
3,0.424180984,0.442629457,0.568656325,0.525899768,0.480582446,0.521104693,0.432059258,0.501788914,0.398324549,0.492138475,0.362916142,0.489803821
3,0.427744329,0.366703093,0.633915305,0.281464428,0.505242169,0.303182185,0.470144808,0.294420958,0.435199827,0.277037233,0.396205068,0.276738405
3,0.307176173,0.538622141,0.498648822,0.567122459,0.362508535,0.605987072,0.329126894,0.593356431,0.288622439,0.574634314,0.258887231,0.559666038
3,0.314472556,0.595349252,0.442831755,0.51815933,0.379567534,0.492489547,0.347955495,0.493919969,0.313409328,0.480410725,0.279814303,0.475839257
3,0.345840305,0.599482894,0.513671517,0.510586143,0.421269715,0.505436659,0.391294092,0.505693853,0.355778635,0.493499994,0.324656248,0.496036589
3,0.317566842,0.63389349,0.447345287,0.550498784,0.387108445,0.500730336,0.35655126,0.500609279,0.319950223,0.488607913,0.286580801,0.488195032
3,0.350205481,0.571762741,0.515041113,0.462577522,0.431517929,0.498664677,0.401674986,0.508203387,0.37195611,0.507574975,0.343821138,0.504051685
3,0.28557387,0.589026392,0.443061262,0.632601261,0.358730674,0.618890703,0.308366895,0.611175239,0.268121719,0.615676582,0.228109211,0.616093159
3,0.297182441,0.617228985,0.42889455,0.599897861,0.346316248,0.60608089,0.317148,0.614619136,0.279579073,0.624183238,0.243574351,0.618505955
3,0.316809803,0.67383647,0.50012809,0.423339516,0.376177192,0.433005035,0.344091654,0.444431186,0.310936272,0.44899112,0.278901279,0.46223551
3,0.321929455,0.535677552,0.510040164,0.46385929,0.392354906,0.528802752,0.356355697,0.512564719,0.316516995,0.520392776,0.279237598,0.518764317
3,0.329196185,0.48429963,0.419794649,0.564096093,0.386317044,0.555301845,0.341284782,0.538733542,0.304788858,0.530029356,0.271506727,0.521563828
4,0.700636744,0.766330659,0.542694926,0.503459752,0.633305311,0.589207828,0.742893577,0.611222506,0.823993385,0.640632272,0.895794749,0.664882779
4,0.649408996,0.653726757,0.417035729,0.387653232,0.650683701,0.430829883,0.708756626,0.448524684,0.767730117,0.475576967,0.809679925,0.509662032
4,0.624739766,0.44232133,0.657002985,0.425814897,0.662944555,0.430868328,0.655546248,0.438852161,0.661271751,0.437455505,0.65602535,0.434688687
4,0.523115396,0.530325413,0.221294075,0.473521084,0.429366946,0.468702257,0.502751231,0.481341004,0.583442271,0.491399825,0.66462177,0.507538736
4,0.537665606,0.574111998,0.302048624,0.358017504,0.53757894,0.363385499,0.593116045,0.384947121,0.641542792,0.402309924,0.68525666,0.429340094
4,0.536092758,0.771750152,0.416685402,0.546792984,0.411592275,0.536750674,0.502126157,0.591117144,0.569999874,0.613061428,0.642257154,0.629599154
4,0.618669629,0.738127291,0.486694455,0.669017434,0.409958243,0.730000973,0.485562831,0.697327435,0.543199718,0.676547587,0.597932279,0.644214511
4,0.696074605,0.568579197,0.553044438,0.636333823,0.560198724,0.592011034,0.648936093,0.58713609,0.731244862,0.570306838,0.79188174,0.567765713
4,0.639749289,0.541577578,0.555430889,0.47922349,0.530566394,0.508077681,0.610684335,0.499807417,0.667609692,0.503688514,0.736459613,0.498598576
4,0.686499238,0.515716016,0.27146703,0.423557222,0.491379321,0.402140886,0.563062906,0.389550507,0.625032783,0.386417478,0.695416808,0.386978924
4,0.706114113,0.517342746,0.273134112,0.442267269,0.507118523,0.403547049,0.570811152,0.387011468,0.637711287,0.381019533,0.702389717,0.36654231
4,0.718267977,0.47519505,0.302916765,0.43623051,0.493539929,0.500193477,0.574585915,0.503131688,0.649001479,0.50339812,0.685208619,0.51961571
4,0.665787041,0.473651886,0.255581379,0.332440972,0.497177005,0.368162036,0.565964103,0.373467922,0.619547188,0.378377497,0.676519215,0.392935842
4,0.752488375,0.377538353,0.289197922,0.369192451,0.469325662,0.443230778,0.574110568,0.437539369,0.654171407,0.444783628,0.714296758,0.444753915
4,0.588491261,0.332732469,0.657585025,0.431107521,0.643797576,0.477410465,0.634438276,0.475715756,0.643268824,0.459036559,0.655563414,0.450237185
4,0.722278178,0.376847357,0.268978268,0.459858656,0.535443246,0.526793182,0.626843691,0.517967641,0.715602875,0.502105296,0.79413271,0.497917533
4,0.595734417,0.729627371,0.212235361,0.47163403,0.432824016,0.509734511,0.535348773,0.538218558,0.627000213,0.549166977,0.693690777,0.563016832
4,0.659338117,0.773661613,0.651982188,0.678175509,0.677966237,0.694770813,0.686477661,0.707274616,0.690485418,0.729527652,0.706709683,0.736493766
4,0.406149536,0.888948917,0.365167558,0.948801994,0.367931753,0.951118112,0.373408288,0.935130298,0.378426939,0.923977792,0.37757495,0.916673779
4,0.323958576,0.589936078,0.256805062,0.565916181,0.265194654,0.572265685,0.288240045,0.576552987,0.303388715,0.574193954,0.317014247,0.569027901
4,0.585078061,0.544935167,0.131633371,0.385381222,0.398611128,0.411130309,0.462279856,0.39547044,0.53803885,0.382688314,0.598456621,0.365297139
4,0.769603491,0.618564427,0.670676589,0.488230407,0.658559978,0.418760002,0.628010452,0.479104728,0.624045014,0.504235864,0.700906456,0.579086542
4,0.67328614,0.368067086,0.542979419,0.564101458,0.556247354,0.538402975,0.632165015,0.542178988,0.699769378,0.516008437,0.755814791,0.495631069
4,0.638799369,0.446507037,0.569249928,0.654459715,0.596585214,0.650096297,0.663350403,0.598893583,0.693112135,0.56275773,0.795298934,0.563710809
4,0.616060257,0.467838556,0.445802569,0.4419716,0.476558119,0.430446565,0.50823015,0.406995893,0.53694737,0.387246013,0.55490005,0.393709332
4,0.589376688,0.719967902,0.448840737,0.564181805,0.520520568,0.495316982,0.588461459,0.489791572,0.618211269,0.495482206,0.64589119,0.570744991
4,0.559419215,0.684226573,0.450846493,0.640117466,0.502452374,0.663585901,0.563718498,0.605984747,0.572020233,0.606932223,0.600337207,0.625675678
4,0.599827886,0.896097898,0.518845618,0.555902719,0.499733925,0.457448155,0.603445113,0.507076383,0.677097678,0.541117013,0.704038799,0.643190026
4,0.586526155,0.728495717,0.537085474,0.444966167,0.529861033,0.421247423,0.572399497,0.465240598,0.605240524,0.504153669,0.6324507,0.519781053
4,0.570512354,0.796682477,0.42941615,0.498767316,0.559972644,0.524683833,0.594484389,0.546064913,0.626472592,0.571945131,0.655983806,0.60135895
4,0.54209137,0.788157821,0.430585265,0.49153012,0.548080206,0.529839516,0.578984797,0.547004521,0.607789874,0.576036334,0.629248977,0.622947633
4,0.637291908,0.946093142,0.454737008,0.634558618,0.590966761,0.633719027,0.627840221,0.639173806,0.658717453,0.660942018,0.686087728,0.70210284
4,0.592815042,0.86473316,0.428583384,0.562524796,0.566676855,0.572470248,0.60261029,0.581209958,0.638557196,0.610218346,0.665836632,0.648299932
4,0.548892975,0.652448177,0.408705413,0.373427242,0.538964152,0.429966152,0.567823827,0.456810206,0.595167994,0.483402699,0.620870352,0.509797335
4,0.527805686,0.671224177,0.333302259,0.582893848,0.461815715,0.535284102,0.501243234,0.539476514,0.542555213,0.550514162,0.587413609,0.567242384
4,0.673113763,0.478336602,0.595092714,0.534205794,0.566829085,0.550038993,0.620957315,0.577696741,0.656107366,0.56530726,0.681975842,0.559703767
4,0.69137764,0.566323102,0.531315804,0.564497828,0.612610281,0.54959631,0.641050518,0.534668028,0.670011938,0.529450119,0.705705762,0.532530308
4,0.571480215,0.452905774,0.497366369,0.549596846,0.526948571,0.553767502,0.558298588,0.541350365,0.585699379,0.53256005,0.616537094,0.513961911
4,0.662751198,0.565223992,0.522067189,0.554818988,0.61867398,0.576810777,0.638189137,0.562352002,0.662953556,0.558358133,0.689875364,0.548475683
4,0.624348819,0.499544442,0.527850032,0.534933448,0.548982203,0.538476348,0.581428945,0.555704594,0.604523957,0.570380628,0.551077783,0.590366662
4,0.786472082,0.511212766,0.628734291,0.486546636,0.694071174,0.510349274,0.749557257,0.537982941,0.797761917,0.546627641,0.844522238,0.567528129
4,0.737673223,0.66215086,0.504225731,0.495793819,0.641253054,0.48459056,0.681017995,0.471560389,0.71871078,0.464494109,0.754686475,0.462994874
4,0.517696559,0.854123592,0.442217618,0.557415545,0.546230435,0.620599985,0.567935526,0.642600954,0.590593636,0.66801095,0.606832683,0.698763311
4,0.45721209,0.79238832,0.368979096,0.502575874,0.47541669,0.556880713,0.497803271,0.568937719,0.52391845,0.581379175,0.543672681,0.603639185
4,0.480860561,0.740200877,0.331564665,0.538827717,0.426298857,0.599606156,0.455063134,0.624109626,0.485016614,0.641914546,0.516642749,0.670198202
4,0.45687291,0.907035768,0.307946891,0.625366747,0.40995723,0.67936039,0.441441655,0.69651103,0.472421199,0.711865306,0.500812054,0.725931585
4,0.492028892,0.779392123,0.357744664,0.51531744,0.476011544,0.542623937,0.505055904,0.547150254,0.532362342,0.56082356,0.554814756,0.579113364
4,0.476076156,0.797328532,0.338307738,0.529782712,0.455464751,0.542550564,0.489410251,0.557422101,0.521932244,0.577300429,0.550498903,0.595213592
4,0.45589304,0.777208328,0.342746586,0.529196322,0.457123846,0.545325458,0.482086748,0.558967769,0.508400559,0.57187283,0.529694974,0.595181823
4,0.464633465,0.781636775,0.33345139,0.525111616,0.449729323,0.545035899,0.480332375,0.555477381,0.509446263,0.571681499,0.533038557,0.590244949
5,0.629595757,0.775876045,0.349857241,0.45830369,0.298833132,0.483057261,0.334638238,0.579314709,0.359563202,0.670734644,0.37018463,0.747502267
5,0.520256341,0.547713459,0.487045377,0.521166921,0.499001682,0.530585587,0.501095295,0.53332907,0.500279129,0.540079296,0.501940608,0.537689209
5,0.461491972,0.630367696,0.580793977,0.516880214,0.490799218,0.505066276,0.435621142,0.616126299,0.439348012,0.671803236,0.449026018,0.722658873
5,0.353783906,0.670078754,0.622900307,0.635054708,0.562221885,0.575917721,0.524052441,0.634909987,0.531282067,0.690995336,0.519333959,0.742399812
5,0.281109273,0.764288247,0.284989238,0.396000326,0.30176878,0.578132153,0.397283822,0.64336282,0.409129471,0.693370819,0.414552212,0.756462753
5,0.388848841,0.659017146,0.447348267,0.29377839,0.271231323,0.431961387,0.201400429,0.49825722,0.175878853,0.541318357,0.165692687,0.606913149
5,0.272560477,0.614664733,0.55510819,0.456855923,0.48016721,0.338848114,0.523498952,0.42971155,0.521148086,0.524425328,0.464327753,0.578830242
5,0.570372283,0.711375117,0.47566545,0.461173326,0.407193959,0.611670792,0.431734949,0.649990439,0.444440663,0.689820886,0.422286242,0.717948318
5,0.689937472,0.712724745,0.522210538,0.407789886,0.41149807,0.58083719,0.435822666,0.630892515,0.449426353,0.682061195,0.45614779,0.723879933
5,0.760296881,0.699533343,0.599958599,0.302226454,0.551817536,0.508285642,0.599476039,0.576408267,0.613507986,0.64907527,0.612042069,0.703038096
5,0.584348142,0.718178451,0.600324094,0.41395399,0.583209395,0.586628318,0.599936187,0.630532146,0.600424945,0.681125641,0.586904168,0.71743232
5,0.695042372,0.735429168,0.607850909,0.360334814,0.582296252,0.565687835,0.602298975,0.629587889,0.623542488,0.692253232,0.620772004,0.747608066
5,0.689427495,0.747713923,0.44639647,0.380519181,0.336378485,0.604860544,0.355542481,0.67472142,0.381738812,0.73906213,0.398396224,0.799075961
5,0.680130839,0.728135526,0.525639653,0.425369799,0.523602605,0.607222736,0.533507288,0.663058579,0.54263562,0.709076643,0.539554596,0.74533844
5,0.725450635,0.533244431,0.839179516,0.592476726,0.82630384,0.563489974,0.803174973,0.555777133,0.792664587,0.558246017,0.790462613,0.555801153
5,0.395976603,0.70394069,0.614679396,0.408017874,0.652913332,0.586430669,0.633448422,0.647568524,0.626303017,0.704822481,0.608039439,0.758310378
5,0.388965786,0.603579402,0.354034126,0.539675713,0.350428373,0.542641044,0.355245411,0.551580369,0.363908559,0.555722952,0.363147765,0.554525971
5,0.411384344,0.482631326,0.398335308,0.492463082,0.415281504,0.492228717,0.418672055,0.48891446,0.422490031,0.484655946,0.419770986,0.481883615
5,0.382171094,0.686202645,0.577636063,0.581057191,0.610032558,0.537081718,0.656099498,0.636113048,0.658138752,0.666683018,0.623355985,0.705637336
5,0.422811031,0.647011995,0.510140777,0.459889203,0.604115427,0.51966846,0.648330212,0.588608384,0.618529916,0.615834892,0.593017817,0.641567647
5,0.541690409,0.571618915,0.466835886,0.262976289,0.356216192,0.450504333,0.351167679,0.516576946,0.380250394,0.58204788,0.371912181,0.615166962
5,0.398734987,0.598988414,0.52323854,0.264775991,0.420327872,0.481654316,0.437324345,0.529122114,0.455346525,0.57312125,0.480668545,0.618200719
5,0.342451066,0.701310575,0.465385348,0.31552574,0.480907023,0.498398244,0.500735581,0.544868052,0.516259313,0.594007611,0.535586417,0.627438188
5,0.53835398,0.576403797,0.594452322,0.541990817,0.582373559,0.540246725,0.576867819,0.535578609,0.573841155,0.530010283,0.56823957,0.52519697
5,0.47371912,0.571551859,0.273832232,0.375547647,0.210757703,0.504759431,0.222722083,0.530383289,0.227938831,0.547251999,0.223298073,0.567039251
5,0.456610858,0.693984866,0.523746192,0.517169118,0.525227726,0.563073874,0.517581761,0.620115459,0.492258519,0.671187878,0.497145236,0.720765471
5,0.409105927,0.710608244,0.454049379,0.346238047,0.502849936,0.556885302,0.514118433,0.639391482,0.499505103,0.696534574,0.477339536,0.737746179
5,0.486481845,0.699721992,0.611995697,0.546872735,0.63041389,0.527500927,0.621117234,0.61456275,0.626693845,0.693587899,0.602710605,0.782062531
5,0.411827594,0.734503925,0.446298748,0.40826726,0.504066527,0.407357484,0.520282865,0.461807072,0.508720517,0.529611051,0.486944646,0.614772022
5,0.458879828,0.780276239,0.47420463,0.652905583,0.476661235,0.391215146,0.487422258,0.709084809,0.474750906,0.722238719,0.455401182,0.754900277
5,0.441834033,0.710769594,0.498270631,0.343740821,0.522283971,0.534788251,0.519194841,0.59539026,0.509779155,0.659352541,0.50660944,0.716004968
5,0.497537166,0.668853879,0.461072087,0.335574269,0.404806197,0.478339463,0.389794916,0.537155569,0.391117752,0.598174036,0.401721597,0.668511987
5,0.455326349,0.68541187,0.458047211,0.314428449,0.474275202,0.522699058,0.46741569,0.576530695,0.46353057,0.636859238,0.458182126,0.687853932
5,0.396746874,0.723203719,0.399248362,0.312534362,0.417331785,0.5426085,0.408977926,0.603315949,0.396045536,0.652779281,0.387681872,0.69411391
5,0.411354214,0.697542012,0.490519583,0.339306742,0.536492229,0.543295264,0.541029692,0.601712108,0.538357556,0.663181245,0.528608024,0.717858195
5,0.379623264,0.709648013,0.457827836,0.333489507,0.470518589,0.52844274,0.467844248,0.586860001,0.460231513,0.650606215,0.450221628,0.714078009
5,0.333841532,0.718051314,0.299486518,0.411979884,0.278756946,0.543416083,0.27359131,0.590285897,0.276374519,0.629889727,0.28224659,0.674162924
5,0.40716958,0.701914549,0.439578295,0.442338169,0.450094163,0.572895169,0.443745583,0.607465208,0.436623573,0.649461389,0.427740008,0.680834234
5,0.288451254,0.451004505,0.311612487,0.222363174,0.31812337,0.360032737,0.310867786,0.40237093,0.297970772,0.43374452,0.286453992,0.459827006
5,0.518260121,0.39973259,0.578092992,0.189093471,0.598096848,0.317617297,0.592306495,0.35422188,0.58003521,0.391534269,0.566837788,0.424618125
5,0.476455599,0.74159348,0.537063777,0.477778554,0.545797348,0.645267189,0.543802321,0.695596576,0.540295005,0.741937935,0.528916061,0.787507832
5,0.385549456,0.590056419,0.420021713,0.321024358,0.407502443,0.453859389,0.403974742,0.49678883,0.403955698,0.54192698,0.404114664,0.571072817
5,0.393889427,0.879023433,0.417354524,0.500119328,0.420162976,0.664957106,0.415930301,0.712359309,0.411824912,0.76165688,0.406019837,0.799514771
5,0.811675012,0.797629952,0.695213318,0.382927477,0.710246682,0.377965152,0.734007955,0.436670929,0.746942282,0.497971237,0.75162369,0.555640638
5,0.574198782,0.555235624,0.443928242,0.233032539,0.419126809,0.414466411,0.433009475,0.460461617,0.444600642,0.523826122,0.449537724,0.570983231
5,0.707201302,0.604427397,0.60414058,0.206302077,0.597109199,0.392751396,0.61613363,0.445865929,0.624913037,0.49796173,0.619705558,0.530907929
5,0.667116404,0.814395845,0.545138359,0.44183743,0.54164511,0.67979461,0.557595372,0.74763751,0.5711236,0.821832538,0.571826339,0.877892375
5,0.678323567,0.788680553,0.633277059,0.477511764,0.62493974,0.648819804,0.640216529,0.682270288,0.650617898,0.71337831,0.656053007,0.742752492
5,0.692145407,0.772608995,0.676089287,0.453806877,0.697316945,0.621105552,0.710368216,0.656461656,0.721988022,0.698090255,0.733479321,0.740127981
5,0.732322276,0.775386512,0.638145983,0.475737631,0.622685909,0.644836426,0.633291483,0.696450472,0.643186152,0.747078061,0.649686515,0.795556128
6,0.340003997,0.776032269,0.539680064,0.707347512,0.510812104,0.303920537,0.412806094,0.63913548,0.360746205,0.679160118,0.32215026,0.652939558
6,0.333450198,0.751504958,0.524070978,0.68435961,0.486332595,0.32012403,0.394469202,0.619354486,0.34922412,0.649496377,0.316628486,0.625329554
6,0.346342683,0.786293745,0.522925615,0.681479335,0.482085019,0.380083263,0.412737399,0.619554996,0.372225434,0.653393507,0.342258453,0.63517791
6,0.355302215,0.620827079,0.505552411,0.559632957,0.478455812,0.278707802,0.407139927,0.497366786,0.374540001,0.52555269,0.348817617,0.507168055
6,0.348319203,0.917977214,0.484461904,0.794969559,0.406153679,0.611615539,0.374255836,0.737487197,0.345445663,0.763057292,0.324597657,0.768020928
6,0.255779862,0.886657417,0.347003162,0.750879169,0.262425244,0.580327392,0.247756764,0.731623292,0.227713153,0.758773208,0.207276732,0.769510269
6,0.242576718,0.656158686,0.359959126,0.515645206,0.30564639,0.289806455,0.262699217,0.484046727,0.238820881,0.506170332,0.216408998,0.508345962
6,0.499061316,0.499002337,0.655625641,0.478710026,0.660211802,0.219265893,0.584551811,0.400022328,0.538225353,0.408595979,0.515088439,0.39297843
6,0.454617113,0.677103519,0.626511753,0.624495983,0.579435587,0.433412194,0.531948805,0.54744792,0.498033404,0.562206984,0.474213392,0.554169893
6,0.467505991,0.858329177,0.632893324,0.764503598,0.58167696,0.534135342,0.523873746,0.678526521,0.492596298,0.691163123,0.470588088,0.683142126
6,0.348152876,0.617289126,0.479706556,0.544097006,0.447661966,0.281364143,0.379538178,0.493681282,0.356387734,0.504772604,0.334889919,0.494584709
6,0.378151953,0.748387635,0.534145832,0.628360569,0.484420568,0.415248036,0.433179438,0.593687952,0.40420115,0.608582854,0.378456831,0.600104988
6,0.354654193,0.663383424,0.461028695,0.623357296,0.430919707,0.420614839,0.36004585,0.549149632,0.345153928,0.559910774,0.327708572,0.544432282
6,0.433987051,0.706681848,0.573698997,0.607650161,0.550401986,0.390470803,0.493553013,0.593031168,0.456374258,0.613931596,0.436189294,0.611512542
6,0.364218563,0.72930181,0.490121663,0.689990938,0.456134617,0.450192094,0.386461139,0.603907585,0.365426958,0.644783974,0.343030304,0.650670707
6,0.312558383,0.555393279,0.453549802,0.471353322,0.413656682,0.201969281,0.344553739,0.422484219,0.317614317,0.438140631,0.293098539,0.432577133
6,0.337808132,0.905521333,0.455414176,0.843267977,0.408304423,0.599543452,0.348044395,0.776679516,0.321271032,0.772667229,0.294957638,0.772592008
6,0.238525838,0.579796374,0.344636589,0.475799739,0.288800955,0.228543282,0.241729304,0.456793875,0.221823528,0.47841838,0.198299497,0.468271524
6,0.305181414,1.001555085,0.503883123,0.872141898,0.394105613,0.737982452,0.380651832,0.760918319,0.338078946,0.840615869,0.294470549,0.841063619
6,0.305388212,0.731487274,0.488442987,0.735036612,0.507264495,0.333642244,0.406651527,0.716273844,0.342599601,0.74590379,0.297043204,0.719467938
6,0.231377214,0.790768147,0.39780122,0.769766808,0.348338783,0.372195661,0.255520344,0.676540434,0.227126688,0.67510134,0.196875542,0.652345836
6,0.35594362,0.753641009,0.522392154,0.637647152,0.486193299,0.329507768,0.41414836,0.639882386,0.365409315,0.665428102,0.329667717,0.654474795
6,0.342521876,0.599013984,0.525881946,0.498311967,0.499756128,0.182191521,0.416590035,0.46439901,0.366829962,0.503307521,0.33403188,0.48002705
6,0.262673855,0.890244007,0.386289686,0.743590117,0.306148916,0.494891554,0.269579858,0.725284994,0.243335247,0.745501876,0.214253902,0.75365752
6,0.254864246,0.613977611,0.410866767,0.513274312,0.364973724,0.193830997,0.284197062,0.47022602,0.253932655,0.50094074,0.223776415,0.482514352
6,0.323072493,1.011218667,0.488443911,0.911484361,0.409580052,0.78740114,0.384459138,0.860558212,0.346293151,0.889814258,0.314616174,0.88801831
6,0.247647896,0.947951376,0.34142074,0.901246607,0.266048759,0.622383296,0.239737093,0.836492956,0.211221769,0.856609225,0.182059631,0.877920091
6,0.237847909,0.711228013,0.352854908,0.571320474,0.298953623,0.310871482,0.253533751,0.516479433,0.23135291,0.545005202,0.205727324,0.54743731
6,0.374159694,0.578459144,0.524958789,0.529745579,0.511611283,0.253261864,0.438988805,0.474807978,0.397297204,0.49978596,0.372072756,0.488906413
6,0.449440479,0.634026706,0.590542555,0.576113939,0.587394178,0.311893702,0.528770685,0.538435221,0.483191222,0.553742111,0.457840383,0.543863773
6,0.365350842,0.505176663,0.477960676,0.387583315,0.527596116,0.159348905,0.434995174,0.412368476,0.383089483,0.435770929,0.350479722,0.413696766
6,0.831767619,0.540947914,0.726572156,0.527451098,0.666362703,0.337413967,0.744484067,0.500149846,0.78065604,0.494098932,0.826443017,0.469346613
6,0.637248576,0.321818769,0.51328516,0.35319978,0.43265754,0.163980424,0.544064045,0.366953552,0.575181782,0.334734589,0.603469491,0.304067254
6,0.668278635,0.57047534,0.614745498,0.598829329,0.596962154,0.596077502,0.639590144,0.62778002,0.679229796,0.605849802,0.702271104,0.608896375
6,0.780779898,0.491583258,0.677269578,0.507695973,0.616086841,0.296126485,0.696745932,0.492174029,0.726546586,0.489108294,0.751419783,0.491471797
6,0.814831018,0.54432559,0.73163563,0.529614091,0.699633241,0.41544345,0.745748043,0.479771942,0.777273953,0.474789023,0.808334708,0.460281312
6,0.690718651,0.631011367,0.58467865,0.528072834,0.528346241,0.321498871,0.614687145,0.498398662,0.652474403,0.492061347,0.687442839,0.501006901
6,0.665895879,0.437179893,0.566783726,0.472123206,0.483186871,0.203888476,0.609501302,0.469065011,0.649260938,0.467722863,0.688744962,0.461253166
6,0.66214931,0.572400451,0.55544138,0.649123728,0.466373891,0.405722529,0.587104261,0.652514219,0.622870743,0.630890727,0.65608263,0.63652283
6,0.664181113,0.591794491,0.560881793,0.62171644,0.543072402,0.422976613,0.602267742,0.565443218,0.618772626,0.566775918,0.63723743,0.579081774
6,0.664013922,0.553463817,0.588867128,0.540190876,0.541132987,0.409562975,0.609506726,0.544929087,0.633055568,0.546799958,0.654490352,0.545502365
6,0.693353176,0.611190319,0.619472563,0.5960899,0.564030588,0.447897971,0.641142905,0.580297887,0.663785696,0.570619941,0.686832964,0.572666407
6,0.768314362,0.589577854,0.657418966,0.609494567,0.654985011,0.393081844,0.722549438,0.528725803,0.745505929,0.519094706,0.77260083,0.523164093
6,0.822126627,0.729929328,0.676751256,0.678471446,0.687009573,0.455991268,0.760697484,0.609445691,0.785331547,0.600128353,0.812237203,0.614839673
6,0.821585476,0.596771657,0.677929938,0.535067379,0.69001323,0.320623517,0.753931701,0.464856863,0.779620051,0.453987747,0.805860817,0.470021516
6,0.582831025,0.459754586,0.487781614,0.450401813,0.421743184,0.331213027,0.510872066,0.500073373,0.534343481,0.46557194,0.554689705,0.457780957
6,0.535863161,0.227043062,0.458826721,0.302018732,0.390203685,0.161805004,0.475831687,0.264077842,0.500148773,0.236745387,0.51382488,0.20286037
6,0.707272053,0.677166641,0.586272895,0.666096866,0.584414482,0.500139415,0.633317173,0.587314665,0.66336298,0.5843665,0.694261551,0.595001698
6,0.808669209,0.570002794,0.647672296,0.516643405,0.644730687,0.286295295,0.72338748,0.436570793,0.748832107,0.421583742,0.77985245,0.420334756
6,0.716454804,0.478817642,0.562368631,0.469850272,0.547211766,0.255870312,0.62122941,0.378972858,0.645051241,0.360959828,0.671774507,0.354254782
7,0.402789235,0.461538374,0.539500415,0.47363317,0.534600973,0.439441532,0.435705811,0.483224332,0.400122464,0.478913546,0.376238793,0.467338651
7,0.346321613,0.646044731,0.525223494,0.510815382,0.526637375,0.447244108,0.419586629,0.515454769,0.38390696,0.516153872,0.361229837,0.517161012
7,0.3365556,0.65209341,0.517770231,0.507821739,0.51630795,0.46358645,0.409532458,0.507125914,0.377155334,0.511211395,0.358131379,0.51550287
7,0.336914331,0.509700537,0.515394986,0.498713613,0.516225934,0.474686444,0.415005803,0.516658664,0.381695032,0.519589067,0.364660412,0.512643754
7,0.338901401,0.646719038,0.519253373,0.510100722,0.519123852,0.447054327,0.411129475,0.510592043,0.37819317,0.515796721,0.357635766,0.517771244
7,0.336870819,0.659523308,0.522033215,0.503205717,0.520284116,0.451406062,0.418282926,0.503068507,0.387261987,0.51708585,0.36744535,0.523554385
7,0.3038674,0.692774832,0.484330773,0.631812692,0.478259206,0.553962648,0.381207019,0.565505147,0.343737215,0.558976471,0.319939256,0.5459252
7,0.33722806,0.637741625,0.508863211,0.463509381,0.4993774,0.389404595,0.400227398,0.481484085,0.364848763,0.497076064,0.345093548,0.499960095
7,0.308110088,0.651367843,0.464112192,0.473666549,0.449079871,0.387310624,0.366220593,0.481054544,0.33168751,0.499466866,0.30806452,0.499341011
7,0.410824329,0.588071525,0.523597002,0.456165552,0.516740859,0.427635372,0.433454037,0.463280618,0.410286486,0.470095813,0.395083874,0.484739959
7,0.411966264,0.51828301,0.578833222,0.454244494,0.58711642,0.423064053,0.488480419,0.478969276,0.456352949,0.490540326,0.437216878,0.493167818
7,0.358032376,0.394383878,0.51590836,0.219101205,0.516231298,0.179649189,0.423758417,0.251977742,0.39462924,0.260314286,0.377086759,0.252964199
7,0.43419683,0.303239375,0.600830734,0.269907951,0.602849662,0.238275021,0.507081449,0.294300973,0.477574706,0.294858396,0.458992004,0.281053185
7,0.308462173,0.331727505,0.445748329,0.240504444,0.444656968,0.218442619,0.365672737,0.296648949,0.335019797,0.298571587,0.315983862,0.285733819
7,0.264613569,0.406560838,0.390182108,0.257601142,0.384094238,0.236095563,0.311815917,0.31025672,0.284956813,0.326317042,0.270719081,0.32111761
7,0.202091336,0.476525277,0.318148702,0.244036555,0.3079862,0.22119908,0.243133336,0.303590357,0.211734459,0.325656921,0.195908487,0.318385065
7,0.246201053,0.450461864,0.372391075,0.26130718,0.361510366,0.214444816,0.290462315,0.303000808,0.26217705,0.318655014,0.247834682,0.31787917
7,0.212284505,0.515927374,0.325449437,0.316517651,0.309711635,0.274026662,0.243000463,0.367858738,0.217039928,0.388072878,0.200389296,0.390596211
7,0.3103863,0.459921986,0.454340339,0.301328689,0.451081216,0.245678425,0.365927726,0.32013154,0.338016838,0.328011751,0.326424628,0.331968635
7,0.349426806,0.607304573,0.491011173,0.444153488,0.489728451,0.384981334,0.400304556,0.447877079,0.376935989,0.460973084,0.365927517,0.477757245
7,0.367953062,0.746178985,0.532952368,0.56300354,0.539312243,0.507472277,0.439045936,0.577119172,0.425280094,0.603839457,0.408744961,0.625858068
7,0.2919586,0.882902741,0.408674121,0.624414861,0.342804551,0.661426544,0.323593676,0.675094485,0.304237604,0.69694978,0.291299731,0.714301407
7,0.39759171,0.840118647,0.526842952,0.658781528,0.528719127,0.606267214,0.440241575,0.68158865,0.416998804,0.715597093,0.405351877,0.742978275
7,0.283876657,0.948709011,0.376542836,0.725055099,0.365723401,0.689268351,0.298656493,0.785157979,0.275222063,0.818751574,0.26163432,0.837144494
7,0.255389184,0.880340934,0.322091341,0.67035526,0.308405936,0.639241099,0.262402445,0.742816031,0.241914183,0.778737664,0.228576794,0.80127877
7,0.234596685,0.688652337,0.314543337,0.532663465,0.30350548,0.500889659,0.249551922,0.569073141,0.227254972,0.585828543,0.215976253,0.597627938
7,0.234929666,0.616743982,0.3061077,0.446399063,0.304198265,0.435056061,0.251799583,0.498475522,0.229459286,0.518163145,0.220173031,0.525481164
7,0.284294248,0.598900378,0.394501984,0.449097157,0.39575088,0.423661232,0.326773822,0.471294731,0.303169757,0.485016674,0.288225442,0.489043236
7,0.412314117,0.613011003,0.575867474,0.481359005,0.585665524,0.456314504,0.491305679,0.469516158,0.476141095,0.487618268,0.465511203,0.49982816
7,0.363432229,0.607677221,0.493616223,0.481929213,0.498413861,0.458833396,0.41533345,0.488760322,0.40076986,0.498562098,0.388541728,0.510287404
7,0.281597406,0.543833733,0.466792881,0.482342452,0.46882236,0.453428507,0.36009109,0.533575773,0.31189698,0.547566414,0.281834602,0.530929446
7,0.316037208,0.655091703,0.521053553,0.46663475,0.520990252,0.381672293,0.387271583,0.496277034,0.346172333,0.516093135,0.324775785,0.525769413
7,0.349723637,0.682843149,0.543991566,0.522225499,0.540900111,0.447796017,0.42343834,0.521624565,0.38582781,0.535196662,0.3605344,0.547568738
7,0.309812069,0.566830397,0.498616338,0.464202106,0.511907279,0.433096111,0.400646001,0.506200314,0.354239017,0.52257067,0.328447998,0.524741352
7,0.333509862,0.670464337,0.517160475,0.464617431,0.516369879,0.398224652,0.404474407,0.48750329,0.374387741,0.513899684,0.355242938,0.523678541
7,0.264560401,0.562105596,0.449391842,0.518745184,0.454624891,0.478282392,0.34633711,0.535022318,0.298950166,0.544977665,0.27438879,0.528300822
7,0.196950018,0.709449291,0.310270011,0.462615728,0.289550394,0.447884113,0.232715622,0.508670866,0.191040367,0.52300179,0.159580275,0.514866471
7,0.220341891,0.716479421,0.373374939,0.494009644,0.36311692,0.450920582,0.27364251,0.518938899,0.230961993,0.535505176,0.206652716,0.533170223
7,0.287249863,0.679620922,0.465875506,0.472149253,0.456008732,0.428107798,0.345525295,0.498648345,0.307691544,0.522025168,0.289116681,0.532423854
7,0.35946244,0.59907347,0.505744338,0.457011938,0.479459286,0.483913779,0.440750659,0.512732029,0.410190076,0.52691704,0.393714964,0.537565768
7,0.374580264,0.623427153,0.537771106,0.492454052,0.555412591,0.464692712,0.455466062,0.524098516,0.41328752,0.542573631,0.392324626,0.55000639
7,0.406815737,0.669482946,0.592202485,0.469241798,0.596539497,0.428836614,0.490977407,0.489450991,0.463534355,0.515664995,0.443595618,0.529856026
7,0.292734355,0.688091099,0.444126844,0.473765045,0.434790611,0.426100969,0.341329604,0.511319637,0.305240363,0.531248152,0.279278994,0.52844727
7,0.274575055,0.722180963,0.427495658,0.52423054,0.419560432,0.465616226,0.326160669,0.547218025,0.28938356,0.56473279,0.268211901,0.563909054
7,0.298443168,0.866060257,0.382477373,0.648558676,0.363443226,0.602011919,0.31826517,0.660484374,0.293726057,0.687141955,0.281820863,0.703345597
7,0.240905344,0.58868432,0.382806093,0.487300545,0.383300304,0.475597352,0.307680219,0.549274683,0.270899564,0.569724023,0.246970966,0.569696128
7,0.820992708,0.572538793,0.62025243,0.451785445,0.617565691,0.396487802,0.739657223,0.47960633,0.786447525,0.487317681,0.821156323,0.472720861
7,0.821259379,0.537424862,0.624636233,0.469678581,0.57968998,0.411827922,0.711298227,0.491017103,0.764392793,0.523323894,0.79373914,0.513821006
7,0.764240324,0.271851182,0.576465964,0.268270969,0.58078301,0.230758429,0.684823394,0.299166739,0.726776123,0.296788603,0.750898182,0.266293168
7,0.764180362,0.499628603,0.572520971,0.52693671,0.530650318,0.46386987,0.64408356,0.53534323,0.694277406,0.553223252,0.722294211,0.542642176
